date,change,id,band,call,freq,city,state,detail
2026-08-15,removed,AM1925,AM,KTMZ,1220,POMONA,CA,
2026-08-15,removed,AM33287,AM,WJTO,750,BATH,ME,
2026-08-15,removed,AM38453,AM,KGST,1600,FRESNO,CA,
2026-08-15,removed,FM122296,FM,WLRG,91.5,GREENVILLE,MS,
2026-08-15,removed,FX201072,FM,W287DD,105.3,BATH,ME,
2026-08-15,lat,AM100771,AM,XEPL,550,CD.CUAUHTEMOC,CH,28.410194 -> 28.445472
2026-08-15,lon,AM100771,AM,XEPL,550,CD.CUAUHTEMOC,CH,-106.921333 -> -106.807722
2026-08-15,erp,AM100772,AM,XEACD,550,ACAPULCO,GR,0.5 -> 2.5
2026-08-15,lat,AM100772,AM,XEACD,550,ACAPULCO,GR,16.845 -> 16.828333
2026-08-15,lon,AM100772,AM,XEACD,550,ACAPULCO,GR,-99.911111 -> -99.856111
2026-08-15,city,AM100799,AM,XEOC,560,MEXICO,DF,IZTAPALAPA -> MEXICO
2026-08-15,erp,AM100799,AM,XEOC,560,MEXICO,DF,5.0 -> 1.5
2026-08-15,lat,AM100799,AM,XEOC,560,MEXICO,DF,19.368056 -> 19.421667
2026-08-15,lon,AM100799,AM,XEOC,560,MEXICO,DF,-99.041667 -> -99.172222
2026-08-15,erp,AM100824,AM,XELQ,570,MORELIA,MC,1.0 -> 2.0
2026-08-15,lat,AM100824,AM,XELQ,570,MORELIA,MC,19.703333 -> 19.693333
2026-08-15,lon,AM100824,AM,XELQ,570,MORELIA,MC,-101.12 -> -101.147778
2026-08-15,city,AM100827,AM,XEBJB,570,EL COLORADO,NL,SAN NICOLAS DE LOS G -> EL COLORADO
2026-08-15,lat,AM100830,AM,XEOA,570,OAXACA,OA,17.0575 -> 17.062778
2026-08-15,lon,AM100830,AM,XEOA,570,OAXACA,OA,-96.719444 -> -96.7225
2026-08-15,erp,AM100840,AM,XEME,570,VALLADOLID,YC,1.0 -> 2.5
2026-08-15,lon,AM100840,AM,XEME,570,VALLADOLID,YC,-88.202167 -> -88.201889
2026-08-15,erp,AM100853,AM,CJTR,1140,TROIS RIVIERES,QC,10.0 -> 50.0
2026-08-15,lat,AM100853,AM,CJTR,1140,TROIS RIVIERES,QC,46.235861 -> 46.236694
2026-08-15,lon,AM100853,AM,CJTR,1140,TROIS RIVIERES,QC,-72.555972 -> -72.555139
2026-08-15,city,AM100879,AM,XEE,590,SAN FELIPE,DU,DURANGO -> SAN FELIPE
2026-08-15,lat,AM100879,AM,XEE,590,SAN FELIPE,DU,24.05475 -> 23.999472
2026-08-15,lon,AM100879,AM,XEE,590,SAN FELIPE,DU,-104.618611 -> -104.579444
2026-08-15,lat,AM100931,AM,XEUF,610,URUAPAN,MC,19.432778 -> 19.418889
2026-08-15,lon,AM100931,AM,XEUF,610,URUAPAN,MC,-102.061667 -> -102.075
2026-08-15,erp,AM100936,AM,XEGS,610,GUASAVE,SI,1.0 -> 25.0
2026-08-15,lat,AM100936,AM,XEGS,610,GUASAVE,SI,25.571611 -> 25.800778
2026-08-15,lon,AM100936,AM,XEGS,610,GUASAVE,SI,-108.495139 -> -109.042667
2026-08-15,erp,AM100944,AM,XEEL,610,FRESNILLO,ZA,10.0 -> 5.0
2026-08-15,city,AM100950,AM,XEBU,620,CHIHUAHUA,CH,EJIDO ROBINSON -> CHIHUAHUA
2026-08-15,erp,AM100950,AM,XEBU,620,CHIHUAHUA,CH,12.0 -> 5.0
2026-08-15,lat,AM100977,AM,XECCQ,630,CANCUN,QR,21.161528 -> 21.155972
2026-08-15,lon,AM100977,AM,XECCQ,630,CANCUN,QR,-86.851889 -> -86.825222
2026-08-15,city,AM100980,AM,XE,630,CANANEA,SO,SAN LUIS RIO COLORAD -> CANANEA
2026-08-15,erp,AM100980,AM,XE,630,CANANEA,SO,1.4 -> 0.75
2026-08-15,lat,AM100980,AM,XE,630,CANANEA,SO,32.480056 -> 30.964556
2026-08-15,lon,AM100980,AM,XE,630,CANANEA,SO,-114.774111 -> -110.338139
2026-08-15,lon,AM100982,AM,XEFX,630,GUAYMAS,SO,-110.909722 -> -110.912222
2026-08-15,erp,AM100992,AM,XEJUA,640,CD.JUAREZ,CH,10.0 -> 0.5
2026-08-15,city,AM101027,AM,XEPX,650,PUERTO ANGEL,OA,EL VIGIA -> PUERTO ANGEL
2026-08-15,erp,AM101027,AM,XEPX,650,PUERTO ANGEL,OA,5.0 -> 1.0
2026-08-15,lat,AM101027,AM,XEPX,650,PUERTO ANGEL,OA,15.717222 -> 15.658611
2026-08-15,lon,AM101027,AM,XEPX,650,PUERTO ANGEL,OA,-96.473333 -> -96.500833
2026-08-15,city,AM101030,AM,XEVSS,650,VILLA DE SERIS,SO,HERMOSILLO -> VILLA DE SERIS
2026-08-15,lat,AM101030,AM,XEVSS,650,VILLA DE SERIS,SO,29.076806 -> 29.046528
2026-08-15,lon,AM101030,AM,XEVSS,650,VILLA DE SERIS,SO,-110.991139 -> -111.010306
2026-08-15,erp,AM101035,AM,XEVG,650,MERIDA,YC,2.5 -> 0.5
2026-08-15,lat,AM101035,AM,XEVG,650,MERIDA,YC,21.048722 -> 20.982056
2026-08-15,lon,AM101035,AM,XEVG,650,MERIDA,YC,-89.636111 -> -89.588889
2026-08-15,lat,AM101051,AM,XEYG,660,MATIAS ROMERO,OA,16.880278 -> 16.873056
2026-08-15,lon,AM101051,AM,XEYG,660,MATIAS ROMERO,OA,-95.034167 -> -95.036111
2026-08-15,erp,AM101054,AM,XECPR,660,FELIPE CARRILLO PUER,QR,30.0 -> 1.0
2026-08-15,lat,AM101054,AM,XECPR,660,FELIPE CARRILLO PUER,QR,19.589167 -> 19.596111
2026-08-15,erp,AM101096,AM,XESON,680,HERMOSILLO,SO,1.0 -> 5.0
2026-08-15,city,AM101115,AM,XEMA,690,BUENAVISTA DE RIVERA,ZA,FRESNILLO -> BUENAVISTA DE RIVERA
2026-08-15,erp,AM101115,AM,XEMA,690,BUENAVISTA DE RIVERA,ZA,5.0 -> 50.0
2026-08-15,lat,AM101115,AM,XEMA,690,BUENAVISTA DE RIVERA,ZA,23.140056 -> 23.142
2026-08-15,lon,AM101115,AM,XEMA,690,BUENAVISTA DE RIVERA,ZA,-102.828 -> -102.833
2026-08-15,erp,AM101126,AM,XEDKR,700,TONALA,JA,10.0 -> 1.0
2026-08-15,lat,AM101126,AM,XEDKR,700,TONALA,JA,20.647028 -> 20.641472
2026-08-15,lon,AM101126,AM,XEDKR,700,TONALA,JA,-103.224556 -> -103.340111
2026-08-15,erp,AM101134,AM,XEDP,710,CD.CUAUHTEMOC,CH,7.0 -> 5.0
2026-08-15,lat,AM101134,AM,XEDP,710,CD.CUAUHTEMOC,CH,28.417972 -> 28.500194
2026-08-15,lon,AM101134,AM,XEDP,710,CD.CUAUHTEMOC,CH,-106.806611 -> -106.917722
2026-08-15,lat,AM101158,AM,XERPO,710,OAXACA,OA,17.069722 -> 17.051667
2026-08-15,lon,AM101158,AM,XERPO,710,OAXACA,OA,-96.732222 -> -96.684167
2026-08-15,city,AM101175,AM,XEDE,720,ARTEAGA,CI,SALTILLO -> ARTEAGA
2026-08-15,erp,AM101175,AM,XEDE,720,ARTEAGA,CI,2.5 -> 0.9
2026-08-15,lat,AM101175,AM,XEDE,720,ARTEAGA,CI,25.439222 -> 25.455056
2026-08-15,lon,AM101175,AM,XEDE,720,ARTEAGA,CI,-100.887806 -> -100.837528
2026-08-15,city,AM101201,AM,XEX,730,COL.EL VERGEL,DF,MEXICO -> COL.EL VERGEL
2026-08-15,lat,AM101201,AM,XEX,730,COL.EL VERGEL,DF,19.31 -> 19.312222
2026-08-15,lon,AM101201,AM,XEX,730,COL.EL VERGEL,DF,-99.134722 -> -99.075278
2026-08-15,lat,AM101223,AM,XEVAY,740,PUERTO VALLARTA,JA,20.601167 -> 20.611167
2026-08-15,lon,AM101223,AM,XEVAY,740,PUERTO VALLARTA,JA,-105.233778 -> -105.226278
2026-08-15,lat,AM101249,AM,XEKOK,750,ACAPULCO,GR,16.894444 -> 16.828333
2026-08-15,lon,AM101249,AM,XEKOK,750,ACAPULCO,GR,-99.845 -> -99.856111
2026-08-15,erp,AM101254,AM,XEJMN,750,JESUS MARIA,NA,5.0 -> 10.0
2026-08-15,city,AM101259,AM,XECSI,750,SAN PEDRO DE LOS ROS,SI,CULIACAN -> SAN PEDRO DE LOS ROS
2026-08-15,erp,AM101259,AM,XECSI,750,SAN PEDRO DE LOS ROS,SI,5.0 -> 10.0
2026-08-15,lat,AM101259,AM,XECSI,750,SAN PEDRO DE LOS ROS,SI,24.82775 -> 24.763583
2026-08-15,lon,AM101259,AM,XECSI,750,SAN PEDRO DE LOS ROS,SI,-107.404806 -> -107.545083
2026-08-15,lon,AM101272,AM,XEZZ,760,GUADALAJARA,JA,-103.317083 -> -103.31875
2026-08-15,erp,AM101298,AM,XEML,770,APATZINGAN,MC,1.0 -> 5.0
2026-08-15,erp,AM101326,AM,XEIH,770,FRESNILLO,ZA,10.0 -> 25.0
2026-08-15,lat,AM101342,AM,XEZN,780,CELAYA,GT,20.532861 -> 20.527583
2026-08-15,lon,AM101342,AM,XEZN,780,CELAYA,GT,-100.790611 -> -100.770333
2026-08-15,erp,AM101359,AM,XEMTS,780,TAMPICO,TA,2.3 -> 1.0
2026-08-15,lat,AM101359,AM,XEMTS,780,TAMPICO,TA,22.360667 -> 22.235389
2026-08-15,lon,AM101359,AM,XEMTS,780,TAMPICO,TA,-97.915361 -> -97.859528
2026-08-15,erp,AM101379,AM,XEGAJ,790,GUADALAJARA,JA,1.0 -> 0.25
2026-08-15,lat,AM101379,AM,XEGAJ,790,GUADALAJARA,JA,20.677028 -> 20.665639
2026-08-15,lon,AM101379,AM,XEGAJ,790,GUADALAJARA,JA,-103.355417 -> -103.358722
2026-08-15,erp,AM101399,AM,XESPN,800,TIJUANA,BN,0.5 -> 1.0
2026-08-15,city,AM101406,AM,XEZV,800,ATLAMAJAC,GR,TLAPA DE COMONFORT -> ATLAMAJAC
2026-08-15,erp,AM101406,AM,XEZV,800,ATLAMAJAC,GR,3.0 -> 5.0
2026-08-15,lat,AM101406,AM,XEZV,800,ATLAMAJAC,GR,17.55 -> 17.553611
2026-08-15,lon,AM101406,AM,XEZV,800,ATLAMAJAC,GR,-98.546389 -> -98.549722
2026-08-15,erp,AM101423,AM,XEAGR,810,ACAPULCO,GR,30.0 -> 1.0
2026-08-15,lat,AM101423,AM,XEAGR,810,ACAPULCO,GR,16.815556 -> 16.828333
2026-08-15,lon,AM101423,AM,XEAGR,810,ACAPULCO,GR,-99.8525 -> -99.856111
2026-08-15,lat,AM101433,AM,XERSV,810,CD.OBREGON,SO,27.514083 -> 27.476861
2026-08-15,lon,AM101433,AM,XERSV,810,CD.OBREGON,SO,-109.936083 -> -109.973028
2026-08-15,city,AM101434,AM,XENVA2,810,SAN LUIS RIO COLORAD,SO,NOGALES -> SAN LUIS RIO COLORAD
2026-08-15,lat,AM101434,AM,XENVA2,810,SAN LUIS RIO COLORAD,SO,31.316778 -> 32.480056
2026-08-15,lon,AM101434,AM,XENVA2,810,SAN LUIS RIO COLORAD,SO,-110.967306 -> -114.774111
2026-08-15,erp,AM101438,AM,XERI,810,REYNOSA,TA,3.0 -> 1.0
2026-08-15,city,AM101472,AM,XEBA,820,ZAPOPAN,JA,GUADALAJARA -> ZAPOPAN
2026-08-15,lat,AM101472,AM,XEBA,820,ZAPOPAN,JA,20.71175 -> 20.73675
2026-08-15,lon,AM101472,AM,XEBA,820,ZAPOPAN,JA,-103.304306 -> -103.347917
2026-08-15,erp,AM101500,AM,XEPUR,830,CHERAN,MC,8.0 -> 1.0
2026-08-15,lat,AM101500,AM,XEPUR,830,CHERAN,MC,19.681111 -> 19.68
2026-08-15,lat,AM101515,AM,XELK,830,ZACATECAS,ZA,22.740056 -> 22.772
2026-08-15,lon,AM101515,AM,XELK,830,ZACATECAS,ZA,-102.48825 -> -102.626583
2026-08-15,lat,AM101526,AM,XEIO,840,TUXTLA GUTIERREZ,CS,16.719167 -> 16.728611
2026-08-15,lon,AM101526,AM,XEIO,840,TUXTLA GUTIERREZ,CS,-93.216389 -> -93.095556
2026-08-15,erp,AM101533,AM,XEXXX,840,TAMAZULA DE GORDIANO,JA,5.0 -> 10.0
2026-08-15,city,AM101548,AM,XEM,850,CHIHUAHUA,CH,LABOR DE TERRAZAS -> CHIHUAHUA
2026-08-15,lat,AM101548,AM,XEM,850,CHIHUAHUA,CH,28.583806 -> 28.691028
2026-08-15,lon,AM101548,AM,XEM,850,CHIHUAHUA,CH,-106.151333 -> -106.121333
2026-08-15,lat,AM101565,AM,XEUS,850,HERMOSILLO,SO,29.084306 -> 29.08375
2026-08-15,lon,AM101565,AM,XEUS,850,HERMOSILLO,SO,-110.965583 -> -110.958361
2026-08-15,city,AM101575,AM,XEPLA,860,PABELLON DE ARTEAGA,AG,AGUASCALIENTES -> PABELLON DE ARTEAGA
2026-08-15,erp,AM101575,AM,XEPLA,860,PABELLON DE ARTEAGA,AG,10.0 -> 2.5
2026-08-15,lon,AM101575,AM,XEPLA,860,PABELLON DE ARTEAGA,AG,-102.266 -> -102.266278
2026-08-15,lat,AM101578,AM,XEZOL,860,CD.JUAREZ,CH,31.686222 -> 31.746222
2026-08-15,lon,AM101578,AM,XEZOL,860,CD.JUAREZ,CH,-106.43025 -> -106.441639
2026-08-15,city,AM101597,AM,XENL,860,GUADALUPE,NL,MONTERREY -> GUADALUPE
2026-08-15,lat,AM101597,AM,XENL,860,GUADALUPE,NL,25.753944 -> 25.754222
2026-08-15,erp,AM101621,AM,CKGY,1170,RED DEER,AB,10.0 -> 50.0
2026-08-15,lat,AM101621,AM,CKGY,1170,RED DEER,AB,52.148944 -> 52.148667
2026-08-15,lon,AM101621,AM,CKGY,1170,RED DEER,AB,-113.859306 -> -113.787917
2026-08-15,erp,AM101626,AM,XEACC,870,PUERTO ESCONDIDO,OA,0.5 -> 10.0
2026-08-15,lat,AM101642,AM,XEV,880,CHIHUAHUA,CH,28.801861 -> 28.614917
2026-08-15,lon,AM101642,AM,XEV,880,CHIHUAHUA,CH,-106.153278 -> -106.054944
2026-08-15,lat,AM101721,AM,XEAO,910,MEXICALI,BN,32.644222 -> 32.642833
2026-08-15,lon,AM101721,AM,XEAO,910,MEXICALI,BN,-115.506111 -> -115.470556
2026-08-15,lat,AM101723,AM,XEACN,910,LEON,GT,21.135639 -> 21.12925
2026-08-15,lon,AM101723,AM,XEACN,910,LEON,GT,-101.622333 -> -101.627333
2026-08-15,city,AM101738,AM,XEQD,920,EJIDO ROBINSON,CH,CHIHUAHUA -> EJIDO ROBINSON
2026-08-15,erp,AM101738,AM,XEQD,920,EJIDO ROBINSON,CH,1.0 -> 2.8
2026-08-15,lat,AM101741,AM,XEMJ,920,PIEDRAS NEGRAS,CI,28.69025 -> 28.713028
2026-08-15,lon,AM101741,AM,XEMJ,920,PIEDRAS NEGRAS,CI,-100.522028 -> -100.547306
2026-08-15,city,AM101770,AM,XEZAR,920,PUEBLA,PU,CHOLULA -> PUEBLA
2026-08-15,lat,AM101770,AM,XEZAR,920,PUEBLA,PU,19.036667 -> 19.108333
2026-08-15,lon,AM101770,AM,XEZAR,920,PUEBLA,PU,-98.2825 -> -98.223611
2026-08-15,city,AM101805,AM,XENVA2,930,SAN LUIS RIO COLORAD,SO,LOS HOYOS -> SAN LUIS RIO COLORAD
2026-08-15,erp,AM101805,AM,XENVA2,930,SAN LUIS RIO COLORAD,SO,0.1 -> 1.0
2026-08-15,lat,AM101805,AM,XENVA2,930,SAN LUIS RIO COLORAD,SO,30.250139 -> 32.480056
2026-08-15,lon,AM101805,AM,XENVA2,930,SAN LUIS RIO COLORAD,SO,-109.774222 -> -114.774111
2026-08-15,city,AM101828,AM,XEQ,940,LOS REYES ACAQUILPAN,DF,IZTAPALAPA -> LOS REYES ACAQUILPAN
2026-08-15,lat,AM101828,AM,XEQ,940,LOS REYES ACAQUILPAN,DF,19.313889 -> 19.360278
2026-08-15,lon,AM101828,AM,XEQ,940,LOS REYES ACAQUILPAN,DF,-99.076389 -> -98.992222
2026-08-15,city,AM101861,AM,XECEL,950,CORTAZAR,GT,PRADERAS DE LA SOLED -> CORTAZAR
2026-08-15,erp,AM101861,AM,XECEL,950,CORTAZAR,GT,10.0 -> 5.0
2026-08-15,erp,AM101872,AM,XEOJN,950,SAN LUCAS OJITLAN,OA,5.0 -> 10.0
2026-08-15,lat,AM101872,AM,XEOJN,950,SAN LUCAS OJITLAN,OA,18.066389 -> 18.059722
2026-08-15,lon,AM101872,AM,XEOJN,950,SAN LUCAS OJITLAN,OA,-96.379444 -> -96.394444
2026-08-15,lat,AM101875,AM,XEPB,950,HERMOSILLO,SO,29.076806 -> 29.049861
2026-08-15,lon,AM101875,AM,XEPB,950,HERMOSILLO,SO,-110.991139 -> -110.966694
2026-08-15,erp,AM101881,AM,XETO,950,TAMPICO,TA,5.0 -> 1.0
2026-08-15,lat,AM101919,AM,XEOZ,960,JALAPA,VC,19.549722 -> 19.519444
2026-08-15,lon,AM101919,AM,XEOZ,960,JALAPA,VC,-96.9125 -> -96.885833
2026-08-15,erp,AM101956,AM,XEZAZ,970,ZACATECAS,ZA,1.0 -> 10.0
2026-08-15,lat,AM101956,AM,XEZAZ,970,ZACATECAS,ZA,22.745056 -> 22.770889
2026-08-15,lon,AM101956,AM,XEZAZ,970,ZACATECAS,ZA,-102.525472 -> -102.576861
2026-08-15,erp,AM101970,AM,XEXT,980,TEPIC,NA,5.0 -> 1.0
2026-08-15,lat,AM101970,AM,XEXT,980,TEPIC,NA,21.537833 -> 21.505889
2026-08-15,lon,AM101970,AM,XEXT,980,TEPIC,NA,-104.912694 -> -104.808528
2026-08-15,lat,AM102011,AM,XET,990,MONTERREY,NL,25.647278 -> 25.733667
2026-08-15,lon,AM102011,AM,XET,990,MONTERREY,NL,-100.313361 -> -100.245306
2026-08-15,lat,AM102029,AM,CJMR,1190,MISSISSAUGA,ON,43.458111 -> 43.436167
2026-08-15,lon,AM102029,AM,CJMR,1190,MISSISSAUGA,ON,-79.754806 -> -79.718139
2026-08-15,erp,AM102073,AM,XEHL,1010,SAN JUAN DE OCOTAN,JA,50.0 -> 40.0
2026-08-15,lat,AM102073,AM,XEHL,1010,SAN JUAN DE OCOTAN,JA,20.703417 -> 20.732028
2026-08-15,lon,AM102073,AM,XEHL,1010,SAN JUAN DE OCOTAN,JA,-103.450139 -> -103.321528
2026-08-15,lat,AM102109,AM,XECUS,1020,MACUSPANA,TB,17.75 -> 17.742222
2026-08-15,lon,AM102109,AM,XECUS,1020,MACUSPANA,TB,-92.583333 -> -92.633333
2026-08-15,erp,AM102125,AM,XEVFS,1030,LAS MARGARITAS,CS,4.0 -> 10.0
2026-08-15,city,AM102127,AM,XEQR,1030,MAGDALENA ATLAZOLPA,DF,GRANJAS MEXICO -> MAGDALENA ATLAZOLPA
2026-08-15,erp,AM102127,AM,XEQR,1030,MAGDALENA ATLAZOLPA,DF,50.0 -> 44.0
2026-08-15,lat,AM102127,AM,XEQR,1030,MAGDALENA ATLAZOLPA,DF,19.396944 -> 19.373889
2026-08-15,lon,AM102127,AM,XEQR,1030,MAGDALENA ATLAZOLPA,DF,-99.101667 -> -99.108611
2026-08-15,erp,AM102131,AM,XELJ,1030,LAGOS DE MORENO,JA,20.0 -> 5.0
2026-08-15,lat,AM102131,AM,XELJ,1030,LAGOS DE MORENO,JA,21.29175 -> 21.34175
2026-08-15,lon,AM102131,AM,XELJ,1030,LAGOS DE MORENO,JA,-101.854 -> -101.944556
2026-08-15,city,AM102242,AM,XESP,1070,SAN MARTIN DE LAS FL,JA,SAN PEDRO TLAQUEPAQU -> SAN MARTIN DE LAS FL
2026-08-15,erp,AM102242,AM,XESP,1070,SAN MARTIN DE LAS FL,JA,5.0 -> 10.0
2026-08-15,lat,AM102242,AM,XESP,1070,SAN MARTIN DE LAS FL,JA,20.637306 -> 20.585083
2026-08-15,lon,AM102242,AM,XESP,1070,SAN MARTIN DE LAS FL,JA,-103.298722 -> -103.270944
2026-08-15,lat,AM102245,AM,XEGY,1070,TEHUACAN,PU,18.456667 -> 18.455556
2026-08-15,lon,AM102245,AM,XEGY,1070,TEHUACAN,PU,-97.422222 -> -97.42
2026-08-15,erp,AM102258,AM,XEMI,1070,COSOLEACAQUE,VC,0.5 -> 5.0
2026-08-15,city,AM102269,AM,XEDY,1080,MEXICALI,BN,CD.MORELOS -> MEXICALI
2026-08-15,lat,AM102269,AM,XEDY,1080,MEXICALI,BN,32.633389 -> 32.663389
2026-08-15,lon,AM102269,AM,XEDY,1080,MEXICALI,BN,-114.867472 -> -115.468611
2026-08-15,lat,AM102282,AM,XEUU,1080,COLIMA,CL,19.25 -> 19.224167
2026-08-15,lon,AM102282,AM,XEUU,1080,COLIMA,CL,-103.706944 -> -103.713056
2026-08-15,erp,AM102290,AM,XEJLV,1080,PUERTO VALLARTA,JA,10.0 -> 5.0
2026-08-15,lat,AM102290,AM,XEJLV,1080,PUERTO VALLARTA,JA,20.652833 -> 20.653389
2026-08-15,lon,AM102290,AM,XEJLV,1080,PUERTO VALLARTA,JA,-105.235722 -> -105.2335
2026-08-15,city,AM102338,AM,XEFC,1090,SAN PEDRO NOHPAT,YC,MERIDA -> SAN PEDRO NOHPAT
2026-08-15,city,AM102354,AM,XECAN,1100,SANTA MARTHA,QR,CANCUN -> SANTA MARTHA
2026-08-15,erp,AM102354,AM,XECAN,1100,SANTA MARTHA,QR,4.0 -> 7.8
2026-08-15,lat,AM102354,AM,XECAN,1100,SANTA MARTHA,QR,21.162361 -> 21.110972
2026-08-15,lon,AM102354,AM,XECAN,1100,SANTA MARTHA,QR,-86.851611 -> -86.947167
2026-08-15,city,AM102414,AM,XEZB,1120,OAXACA,OA,SAN FRANCISCO TUTLA -> OAXACA
2026-08-15,erp,AM102414,AM,XEZB,1120,OAXACA,OA,2.0 -> 1.0
2026-08-15,lat,AM102414,AM,XEZB,1120,OAXACA,OA,17.073611 -> 17.064444
2026-08-15,lon,AM102414,AM,XEZB,1120,OAXACA,OA,-96.683056 -> -96.718333
2026-08-15,city,AM102481,AM,XEMR,1140,EL COLORADO,NL,SAN NICOLAS DE LOS G -> EL COLORADO
2026-08-15,lat,AM102481,AM,XEMR,1140,EL COLORADO,NL,25.764778 -> 25.630889
2026-08-15,lon,AM102481,AM,XEMR,1140,EL COLORADO,NL,-100.253361 -> -100.040028
2026-08-15,city,AM102536,AM,XEGI,1160,TAMAZUNCHALE,SL,ZACATIPAN -> TAMAZUNCHALE
2026-08-15,erp,AM102536,AM,XEGI,1160,TAMAZUNCHALE,SL,4.0 -> 0.5
2026-08-15,lat,AM102536,AM,XEGI,1160,TAMAZUNCHALE,SL,21.238167 -> 21.260944
2026-08-15,lon,AM102536,AM,XEGI,1160,TAMAZUNCHALE,SL,-98.762833 -> -98.785611
2026-08-15,lat,AM102547,AM,XEMDA,1170,MONCLOVA,CI,26.925278 -> 26.933333
2026-08-15,lon,AM102547,AM,XEMDA,1170,MONCLOVA,CI,-101.442028 -> -101.400361
2026-08-15,lon,AM102665,AM,XEYF,1200,HERMOSILLO,SO,-110.960583 -> -110.984194
2026-08-15,lat,AM102713,AM,XESCT,1230,ENSENADA,BN,31.868139 -> 31.857861
2026-08-15,lon,AM102713,AM,XESCT,1230,ENSENADA,BN,-116.635278 -> -116.606667
2026-08-15,erp,AM102745,AM,XERPA,1240,MORELIA,MC,30.0 -> 1.0
2026-08-15,lat,AM102745,AM,XERPA,1240,MORELIA,MC,19.711944 -> 19.704444
2026-08-15,lon,AM102745,AM,XERPA,1240,MORELIA,MC,-101.243333 -> -101.191667
2026-08-15,lat,AM102774,AM,CJUL,1220,CORNWALL,ON,45.079778 -> 45.081722
2026-08-15,lon,AM102774,AM,CJUL,1220,CORNWALL,ON,-74.76825 -> -74.768528
2026-08-15,erp,AM102808,AM,XEJX,1250,QUERETARO,QE,1.0 -> 5.0
2026-08-15,lat,AM102808,AM,XEJX,1250,QUERETARO,QE,20.599 -> 20.582889
2026-08-15,lon,AM102808,AM,XEJX,1250,QUERETARO,QE,-100.438944 -> -100.432
2026-08-15,lat,AM102815,AM,XETF,1250,VERACRUZ,VC,19.178889 -> 19.192222
2026-08-15,lon,AM102815,AM,XETF,1250,VERACRUZ,VC,-96.151667 -> -96.138333
2026-08-15,lat,AM102835,AM,XESA,1260,LA HIGUERITA,SI,24.846639 -> 24.829139
2026-08-15,lon,AM102835,AM,XESA,1260,LA HIGUERITA,SI,-107.491472 -> -107.506194
2026-08-15,erp,AM102848,AM,XEMTV,1260,MINATITLAN,VC,5.0 -> 1.0
2026-08-15,lon,AM102853,AM,XEAZ,1270,TIJUANA,BN,-117.045306 -> -117.048639
2026-08-15,city,AM102857,AM,XEHD,1270,DURANGO,DU,LA PURISIMA -> DURANGO
2026-08-15,erp,AM102857,AM,XEHD,1270,DURANGO,DU,1.5 -> 0.5
2026-08-15,lat,AM102857,AM,XEHD,1270,DURANGO,DU,23.958639 -> 24.014194
2026-08-15,lon,AM102857,AM,XEHD,1270,DURANGO,DU,-104.576667 -> -104.688889
2026-08-15,city,AM102886,AM,XEVHT,1270,MIGUEL HIDALGO PRIME,TB,VILLAHERMOSA -> MIGUEL HIDALGO PRIME
2026-08-15,erp,AM102886,AM,XEVHT,1270,MIGUEL HIDALGO PRIME,TB,1.0 -> 2.5
2026-08-15,city,AM102887,AM,XERRR,1270,PAPANTLA,VC,PAPANTLA DE OLARTE -> PAPANTLA
2026-08-15,lat,AM102887,AM,XERRR,1270,PAPANTLA,VC,20.448167 -> 20.512611
2026-08-15,lon,AM102887,AM,XERRR,1270,PAPANTLA,VC,-97.317472 -> -97.388861
2026-08-15,erp,AM102891,AM,XEBW,1280,CHIHUAHUA,CH,1.0 -> 10.0
2026-08-15,lat,AM102891,AM,XEBW,1280,CHIHUAHUA,CH,28.682417 -> 28.602139
2026-08-15,lon,AM102891,AM,XEBW,1280,CHIHUAHUA,CH,-106.080222 -> -106.139111
2026-08-15,lat,AM102895,AM,XECAM,1280,CAMPECHE,CM,19.82 -> 19.848889
2026-08-15,lon,AM102895,AM,XECAM,1280,CAMPECHE,CM,-90.577222 -> -90.534722
2026-08-15,city,AM102906,AM,XESQ,1280,SAN MIGUEL DE ALLEND,GT,SAN MIGUEL ALLENDE -> SAN MIGUEL DE ALLEND
2026-08-15,erp,AM102906,AM,XESQ,1280,SAN MIGUEL DE ALLEND,GT,1.0 -> 2.5
2026-08-15,lat,AM102954,AM,XEJL,1300,GUAMUCHIL,SI,25.457444 -> 25.470806
2026-08-15,lon,AM102954,AM,XEJL,1300,GUAMUCHIL,SI,-108.092333 -> -108.102639
2026-08-15,lat,AM103000,AM,XEAM,1310,MATAMOROS,TA,25.853694 -> 25.895083
2026-08-15,lon,AM103000,AM,XEAM,1310,MATAMOROS,TA,-97.526083 -> -97.532472
2026-08-15,erp,AM103069,AM,XEMAC,1330,MANZANILLO,CL,1.0 -> 10.0
2026-08-15,lat,AM103069,AM,XEMAC,1330,MANZANILLO,CL,19.054167 -> 19.088333
2026-08-15,lon,AM103069,AM,XEMAC,1330,MANZANILLO,CL,-104.329444 -> -104.283056
2026-08-15,city,AM103089,AM,XERP,1330,PUEBLO VIEJO,TA,CD.MADERO -> PUEBLO VIEJO
2026-08-15,lat,AM103089,AM,XERP,1330,PUEBLO VIEJO,TA,22.254556 -> 22.212611
2026-08-15,lon,AM103089,AM,XERP,1330,PUEBLO VIEJO,TA,-97.850083 -> -97.829806
2026-08-15,erp,AM103108,AM,XECI,1340,ACAPULCO,GR,2.5 -> 1.0
2026-08-15,erp,AM103136,AM,XELU,1340,CD.SERDAN,PU,10.0 -> 0.25
2026-08-15,lat,AM103136,AM,XELU,1340,CD.SERDAN,PU,18.988333 -> 19.0
2026-08-15,lon,AM103136,AM,XELU,1340,CD.SERDAN,PU,-97.454167 -> -97.4625
2026-08-15,erp,AM103146,AM,XEMT,1340,MATAMOROS,TA,0.6 -> 1.0
2026-08-15,lat,AM103146,AM,XEMT,1340,MATAMOROS,TA,25.928139 -> 25.863139
2026-08-15,lon,AM103146,AM,XEMT,1340,MATAMOROS,TA,-97.602778 -> -97.481917
2026-08-15,erp,AM103181,AM,XELBL,1350,SAN LUIS RIO COLORAD,SO,1.0 -> 0.5
2026-08-15,lat,AM103181,AM,XELBL,1350,SAN LUIS RIO COLORAD,SO,32.482833 -> 32.4495
2026-08-15,erp,AM103190,AM,XEDI,1360,CHIHUAHUA,CH,0.5 -> 1.0
2026-08-15,lat,AM103190,AM,XEDI,1360,CHIHUAHUA,CH,28.640194 -> 28.614917
2026-08-15,lon,AM103190,AM,XEDI,1360,CHIHUAHUA,CH,-106.074111 -> -106.054944
2026-08-15,city,AM103235,AM,XEPJ,1370,SAN PEDRO TLAQUEPAQU,JA,GUADALAJARA -> SAN PEDRO TLAQUEPAQU
2026-08-15,erp,AM103235,AM,XEPJ,1370,SAN PEDRO TLAQUEPAQU,JA,10.0 -> 5.0
2026-08-15,lat,AM103235,AM,XEPJ,1370,SAN PEDRO TLAQUEPAQU,JA,20.666472 -> 20.637861
2026-08-15,lon,AM103235,AM,XEPJ,1370,SAN PEDRO TLAQUEPAQU,JA,-103.360111 -> -103.317056
2026-08-15,lat,AM103248,AM,XEHF,1370,NOGALES,SO,31.3315 -> 31.315944
2026-08-15,lon,AM103248,AM,XEHF,1370,NOGALES,SO,-110.927583 -> -110.942306
2026-08-15,erp,AM103254,AM,XEGNK,1370,NUEVO LAREDO,TA,0.25 -> 5.0
2026-08-15,lat,AM103254,AM,XEGNK,1370,NUEVO LAREDO,TA,27.505861 -> 27.524472
2026-08-15,lon,AM103254,AM,XEGNK,1370,NUEVO LAREDO,TA,-99.501722 -> -99.557
2026-08-15,lat,AM103258,AM,XEKT,1380,TECATE,BN,32.566722 -> 32.529222
2026-08-15,lon,AM103258,AM,XEKT,1380,TECATE,BN,-116.617528 -> -116.693083
2026-08-15,erp,AM103325,AM,XEKJ,1400,ACAPULCO,GR,2.5 -> 0.5
2026-08-15,lat,AM103325,AM,XEKJ,1400,ACAPULCO,GR,16.845 -> 16.842222
2026-08-15,lon,AM103325,AM,XEKJ,1400,ACAPULCO,GR,-99.845 -> -99.900833
2026-08-15,lat,AM103371,AM,CJCD,1240,YELLOWKNIFE,NT,62.452778 -> 62.453
2026-08-15,lon,AM103371,AM,CJCD,1240,YELLOWKNIFE,NT,-114.3125 -> -114.313806
2026-08-15,erp,AM103386,AM,XEYD,1410,SEIS DE OCTUBRE,CI,2.5 -> 1.0
2026-08-15,erp,AM103397,AM,CKBS,1240,ST. HYACINTHE,QC,1.0 -> 0.25
2026-08-15,lat,AM103479,AM,XEOX,1430,CD.OBREGON,SO,27.509083 -> 27.521861
2026-08-15,lon,AM103479,AM,XEOX,1430,CD.OBREGON,SO,-109.963306 -> -109.993583
2026-08-15,erp,AM103483,AM,XEWD,1430,CD.MIGUEL ALEMAN,TA,6.0 -> 1.0
2026-08-15,lat,AM103483,AM,XEWD,1430,CD.MIGUEL ALEMAN,TA,26.382556 -> 26.382278
2026-08-15,erp,AM103550,AM,XENA,1450,QUERETARO,QE,10.0 -> 25.0
2026-08-15,lon,AM103550,AM,XENA,1450,QUERETARO,QE,-100.438944 -> -100.439222
2026-08-15,city,AM103575,AM,XEYC,1460,CIUDAD.JUAREZ,CH,CD.JUAREZ -> CIUDAD.JUAREZ
2026-08-15,lat,AM103575,AM,XEYC,1460,CIUDAD.JUAREZ,CH,31.713444 -> 31.7415
2026-08-15,lon,AM103575,AM,XEYC,1460,CIUDAD.JUAREZ,CH,-106.446361 -> -106.483611
2026-08-15,erp,AM103616,AM,XEBAL,1470,BECAL,CM,1.0 -> 10.0
2026-08-15,lat,AM103616,AM,XEBAL,1470,BECAL,CM,20.469861 -> 20.427361
2026-08-15,lon,AM103616,AM,XEBAL,1470,BECAL,CM,-90.024139 -> -90.029694
2026-08-15,erp,AM103686,AM,XECJC,1490,CD.JUAREZ,CH,2.0 -> 1.0
2026-08-15,lat,AM103686,AM,XECJC,1490,CD.JUAREZ,CH,31.713167 -> 31.733722
2026-08-15,lon,AM103686,AM,XECJC,1490,CD.JUAREZ,CH,-106.421639 -> -106.47525
2026-08-15,lat,AM103723,AM,XEYTM,1490,TEOCELO,VC,19.381111 -> 19.380278
2026-08-15,lon,AM103723,AM,XEYTM,1490,TEOCELO,VC,-96.976111 -> -96.977778
2026-08-15,erp,AM103731,AM,XEEBC,1500,ENSENADA,BN,1.0 -> 0.5
2026-08-15,erp,AM103739,AM,XEFL,1500,GUANAJUATO,GT,5.0 -> 0.25
2026-08-15,lat,AM103739,AM,XEFL,1500,GUANAJUATO,GT,21.038694 -> 21.00925
2026-08-15,lon,AM103739,AM,XEFL,1500,GUANAJUATO,GT,-101.273694 -> -101.262028
2026-08-15,city,AM103843,AM,XENC,1540,SANTA MARIA DEL REFU,GT,CELAYA -> SANTA MARIA DEL REFU
2026-08-15,lat,AM103843,AM,XENC,1540,SANTA MARIA DEL REFU,GT,20.516194 -> 20.447306
2026-08-15,lon,AM103843,AM,XENC,1540,SANTA MARIA DEL REFU,GT,-100.765056 -> -100.797556
2026-08-15,erp,AM103850,AM,XESTN,1540,MONTERREY,NL,5.0 -> 25.0
2026-08-15,city,AM103863,AM,XEHOS,1540,LA PALOMA,SO,VILLA DE SERIS -> LA PALOMA
2026-08-15,lat,AM103863,AM,XEHOS,1540,LA PALOMA,SO,29.046528 -> 29.047917
2026-08-15,lon,AM103863,AM,XEHOS,1540,LA PALOMA,SO,-111.010306 -> -111.008361
2026-08-15,lat,AM103896,AM,CFLO,610,MONT-LAURIER,QC,46.55 -> 46.544722
2026-08-15,lon,AM103896,AM,CFLO,610,MONT-LAURIER,QC,-75.499722 -> -75.452778
2026-08-15,city,AM103904,AM,XERUV,1550,JALAPA,VC,ACAJETE -> JALAPA
2026-08-15,lat,AM103904,AM,XERUV,1550,JALAPA,VC,19.585278 -> 19.546944
2026-08-15,lon,AM103904,AM,XERUV,1550,JALAPA,VC,-96.999167 -> -96.911389
2026-08-15,city,AM103975,AM,XEAF,1580,OJO SECO,GT,APASEO EL GRANDE -> OJO SECO
2026-08-15,erp,AM103975,AM,XEAF,1580,OJO SECO,GT,1.0 -> 5.0
2026-08-15,lat,AM103975,AM,XEAF,1580,OJO SECO,GT,20.541472 -> 20.387889
2026-08-15,lon,AM103975,AM,XEAF,1580,OJO SECO,GT,-100.696722 -> -100.795889
2026-08-15,lon,AM104007,AM,XEVOZ,1590,LOS REYES ACAQUILPAN,DF,-98.992222 -> -99.992222
2026-08-15,lon,AM104209,AM,CFGT,1270,ALMA,QC,-71.608222 -> -71.607667
2026-08-15,lat,AM104378,AM,CJSL,1280,ESTEVAN,SK,49.057222 -> 49.05725
2026-08-15,lon,AM104378,AM,CJSL,1280,ESTEVAN,SK,-102.922778 -> -102.922667
2026-08-15,lon,AM104806,AM,CHLW,1310,ST. PAUL,AB,-111.228639 -> -111.22975
2026-08-15,lat,AM105809,AM,CHKT,1430,TORONTO,ON,43.617833 -> 43.617556
2026-08-15,lon,AM105809,AM,CHKT,1430,TORONTO,ON,-79.380611 -> -79.3795
2026-08-15,lat,AM105843,AM,CKBM,1490,MONTMAGNY,QC,46.998639 -> 46.97475
2026-08-15,lon,AM105843,AM,CKBM,1490,MONTMAGNY,QC,-70.516472 -> -70.602056
2026-08-15,erp,AM105846,AM,CKAY,1500,DUNCAN,BC,10.0 -> 5.0
2026-08-15,erp,AM106048,AM,CKHL,530,HIGH LEVEL,AB,1.0 -> 0.4
2026-08-15,erp,AM106073,AM,CFOS,560,OWEN SOUND,ON,7.5 -> 5.0
2026-08-15,erp,AM106084,AM,CJFX,580,ANTIGONISH,NS,10.0 -> 25.0
2026-08-15,lat,AM106084,AM,CJFX,580,ANTIGONISH,NS,45.610361 -> 45.718417
2026-08-15,lon,AM106084,AM,CJFX,580,ANTIGONISH,NS,-62.011778 -> -62.057889
2026-08-15,lon,AM106110,AM,CHNC,610,NEW CARLISLE,QC,-65.247194 -> -65.246361
2026-08-15,lon,AM106124,AM,CHLT,630,SHERBROOKE,QC,-71.865361 -> -71.865917
2026-08-15,lat,AM1218,AM,WRFC,960,ATHENS,GA,33.999556 -> 33.999278
2026-08-15,lon,AM1218,AM,WRFC,960,ATHENS,GA,-83.433222 -> -83.4335
2026-08-15,lon,AM136406,AM,CJGX,940,YORKTON,SK,-102.336028 -> -102.336583
2026-08-15,erp,AM137066,AM,CJMS,1040,ST. CONSTANT,QC,5.0 -> 10.0
2026-08-15,lat,AM158665,AM,CBRU,1270,SQUAMISH,BC,49.698444 -> 49.698167
2026-08-15,lon,AM158665,AM,CBRU,1270,SQUAMISH,BC,-123.144361 -> -123.14575
2026-08-15,erp,AM158849,AM,XEKAM,950,ROSARIO,BN,50.0 -> 12.0
2026-08-15,erp,AM164832,AM,XEABCA,820,MEXICALI,BN,3.5 -> 5.0
2026-08-15,lat,AM164832,AM,XEABCA,820,MEXICALI,BN,32.618944 -> 32.627833
2026-08-15,lon,AM164832,AM,XEABCA,820,MEXICALI,BN,-115.536389 -> -115.580833
2026-08-15,erp,AM164929,AM,CHHA,1610,TORONTO,ON,10.0 -> 6.3
2026-08-15,lon,AM165290,AM,CJLO,1690,MONTREAL,QC,-73.657944 -> -73.657389
2026-08-15,city,AM165780,AM,XETEKA,1030,JUCHITAN DE ZARAGORA,OA,JUCHITAN DE ZARAGOZA -> JUCHITAN DE ZARAGORA
2026-08-15,lat,AM165780,AM,XETEKA,1030,JUCHITAN DE ZARAGORA,OA,16.456111 -> 16.443333
2026-08-15,lon,AM165780,AM,XETEKA,1030,JUCHITAN DE ZARAGORA,OA,-95.029444 -> -95.026111
2026-08-15,city,AM165781,AM,XEAH,1180,JUCHITAN DE ZARAGORA,OA,JUCHITAN DE ZARAGOZA -> JUCHITAN DE ZARAGORA
2026-08-15,lat,AM165781,AM,XEAH,1180,JUCHITAN DE ZARAGORA,OA,16.443333 -> 16.456111
2026-08-15,lon,AM165781,AM,XEAH,1180,JUCHITAN DE ZARAGORA,OA,-95.026111 -> -95.029444
2026-08-15,erp,AM166335,AM,XEIY,650,RIO VERDE,SL,5.0 -> 1.0
2026-08-15,lat,AM166406,AM,XEPW,1200,POZA RICA,VE,20.549278 -> 20.538444
2026-08-15,lon,AM166406,AM,XEPW,1200,POZA RICA,VE,-97.451639 -> -97.469139
2026-08-15,erp,AM166408,AM,XEVP,1030,ACAPULCO,GR,2.5 -> 1.0
2026-08-15,city,AM166685,AM,XESB,810,HIDALGO DEL PARRAL,CH,SANTA BARBARA -> HIDALGO DEL PARRAL
2026-08-15,erp,AM166685,AM,XESB,810,HIDALGO DEL PARRAL,CH,1.0 -> 20.0
2026-08-15,lat,AM166685,AM,XESB,810,HIDALGO DEL PARRAL,CH,26.814111 -> 26.951333
2026-08-15,lon,AM166685,AM,XESB,810,HIDALGO DEL PARRAL,CH,-105.811528 -> -105.718472
2026-08-15,erp,AM166707,AM,XEREC,940,MIGUEL HIDALGO PRIME,TA,2.5 -> 1.0
2026-08-15,city,AM171199,AM,XENZ,890,SAN PEDRO DE LOS ROS,SI,SAN PEDRO -> SAN PEDRO DE LOS ROS
2026-08-15,lat,AM177859,AM,XEPI,990,PALO REDONDO,GR,17.561667 -> 17.562222
2026-08-15,lon,AM177859,AM,XEPI,990,PALO REDONDO,GR,-99.461667 -> -99.466944
2026-08-15,lat,AM183811,AM,CJWI,1410,ST CONSTANT,QC,45.366944 -> 45.366972
2026-08-15,lon,AM183811,AM,CJWI,1410,ST CONSTANT,QC,-73.623056 -> -73.622667
2026-08-15,lat,AM189201,AM,XEID,990,ALAMO,VE,20.953444 -> 20.910111
2026-08-15,lon,AM189201,AM,XEID,990,ALAMO,VE,-97.669444 -> -97.669167
2026-08-15,erp,AM189776,AM,CKNT,960,MISSISSAUGA,ON,2.0 -> 1.25
2026-08-15,lat,AM189776,AM,CKNT,960,MISSISSAUGA,ON,43.614778 -> 43.648333
2026-08-15,lon,AM189776,AM,CKNT,960,MISSISSAUGA,ON,-79.673694 -> -79.6825
2026-08-15,erp,AM198027,AM,XEFCSM,680,MERIDA,YU,2.0 -> 2.5
2026-08-15,lat,AM198027,AM,XEFCSM,680,MERIDA,YU,21.049 -> 20.945389
2026-08-15,lon,AM198027,AM,XEFCSM,680,MERIDA,YU,-89.6325 -> -89.571917
2026-08-15,lat,AM198590,AM,CIRF,1350,BRAMPTON,ON,43.697278 -> 43.660333
2026-08-15,lon,AM198590,AM,CIRF,1350,BRAMPTON,ON,-79.734806 -> -79.642861
2026-08-15,erp,AM199185,AM,XECHAP,1130,TEXCOCO DE MORA,ME,5.0 -> 2.0
2026-08-15,lat,AM199185,AM,XECHAP,1130,TEXCOCO DE MORA,ME,19.505556 -> 19.495833
2026-08-15,lon,AM199185,AM,XECHAP,1130,TEXCOCO DE MORA,ME,-98.881944 -> -98.893333
2026-08-15,lat,AM199656,AM,XESJXA,1200,SAN JERONIMO XAYACAT,PU,18.336944 -> 18.223889
2026-08-15,city,AM204292,AM,XECSTG,720,GRANJAS,PU,GRANJAS COAPAN -> GRANJAS
2026-08-15,erp,AM204292,AM,XECSTG,720,GRANJAS,PU,2.5 -> 1.0
2026-08-15,lat,AM204292,AM,XECSTG,720,GRANJAS,PU,18.429444 -> 18.429167
2026-08-15,lon,AM204292,AM,XECSTG,720,GRANJAS,PU,-97.396111 -> -97.396667
2026-08-15,erp,AM204306,AM,XECSPN,1260,COLONIA 18 DE MARZO,PU,0.3 -> 2.5
2026-08-15,lat,AM204306,AM,XECSPN,1260,COLONIA 18 DE MARZO,PU,19.444722 -> 18.443611
2026-08-15,lon,AM204306,AM,XECSPN,1260,COLONIA 18 DE MARZO,PU,-97.425556 -> -97.441944
2026-08-15,city,AM20439,AM,WBZT,1230,WEST PALM BEACH,FL,POMPANO BEACH -> WEST PALM BEACH
2026-08-15,erp,AM20439,AM,WBZT,1230,WEST PALM BEACH,FL,0.8 -> 1.0
2026-08-15,lat,AM20439,AM,WBZT,1230,WEST PALM BEACH,FL,26.255361 -> 26.7595
2026-08-15,lon,AM20439,AM,WBZT,1230,WEST PALM BEACH,FL,-80.146722 -> -80.144222
2026-08-15,erp,AM98816,AM,CJRN,710,NIAGARA FALLS,ON,5.0 -> 10.0
2026-08-15,lon,AM98825,AM,CHTN,720,CHARLOTTETOWN,PE,-63.1635 -> -63.164333
2026-08-15,lon,AM98860,AM,CIGM,790,SUDBURY,ON,-80.936833 -> -80.936556
2026-08-15,erp,AM98862,AM,CKST,800,LANGLEY,BC,25.0 -> 10.0
2026-08-15,lon,AM98901,AM,C840,840,ESTEVAN,SK,-102.917111 -> -102.917667
2026-08-15,erp,AM98970,AM,CJYQ,930,ST. JOHN'S,NF,25.0 -> 50.0
2026-08-15,erp,AM98981,AM,CJWW,600,SASKATOON,SK,25.0 -> 10.0
2026-08-15,lat,AM98981,AM,CJWW,600,SASKATOON,SK,52.073667 -> 52.112
2026-08-15,lon,AM98981,AM,CJWW,600,SASKATOON,SK,-106.810611 -> -106.774222
2026-08-15,erp,AM99455,AM,CKXD,1010,GANDER,NF,1.0 -> 5.0
2026-08-15,erp,FB121230,FM,KKUT-FM1,93.7,HEBER CITY,UT,1.1 -> 0.14
2026-08-15,lat,FB121230,FM,KKUT-FM1,93.7,HEBER CITY,UT,40.501417 -> 40.543
2026-08-15,lon,FB121230,FM,KKUT-FM1,93.7,HEBER CITY,UT,-111.449333 -> -111.467944
2026-08-15,lat,FB164514,FM,KFCO-FM3,107.1,AURORA,CO,39.675278 -> 39.675333
2026-08-15,lon,FB164514,FM,KFCO-FM3,107.1,AURORA,CO,-104.873306 -> -104.873361
2026-08-15,erp,FB171085,FM,KVOQ-FM3,102.3,BOULDER,CO,0.11 -> 0.04
2026-08-15,erp,FX140886,FM,K226BT,93.1,INDIO,CA,0.039 -> 0.036
2026-08-15,lat,FX140886,FM,K226BT,93.1,INDIO,CA,33.796139 -> 33.796056
